{
	"credit": "Made with Blockbench",
	"texture_size": [64, 64],
	"textures": {
		"2": "./motya",
		"particle": "./motya"
	},
	"elements": [
		{
			"from": [5, 6, 7],
			"to": [11, 12, 13],
			"rotation": {"angle": 0, "axis": "y", "origin": [8, 6, 10]},
			"faces": {
				"north": {"uv": [1.5, 4.75, 3, 6.25], "texture": "#2"},
				"east": {"uv": [0, 4.75, 1.5, 6.25], "texture": "#2"},
				"south": {"uv": [4.5, 4.75, 6, 6.25], "texture": "#2"},
				"west": {"uv": [3, 4.75, 4.5, 6.25], "texture": "#2"},
				"up": {"uv": [3, 4.75, 1.5, 3.25], "texture": "#2"},
				"down": {"uv": [4.5, 3.25, 3, 4.75], "texture": "#2"}
			}
		},
		{
			"from": [4.7, 5.9, 6.6],
			"to": [11.2, 12.2, 13.3],
			"rotation": {"angle": 0, "axis": "y", "origin": [8, 6, 10]},
			"faces": {
				"north": {"uv": [1.75, 1.75, 3.25, 3.25], "texture": "#2"},
				"east": {"uv": [0.25, 1.75, 1.75, 3.25], "texture": "#2"},
				"south": {"uv": [4.75, 1.75, 6.25, 3.25], "texture": "#2"},
				"west": {"uv": [3.25, 1.75, 4.75, 3.25], "texture": "#2"},
				"up": {"uv": [3.25, 1.75, 1.75, 0.25], "texture": "#2"},
				"down": {"uv": [4.75, 0.25, 3.25, 1.75], "texture": "#2"}
			}
		},
		{
			"from": [6, 0, 8],
			"to": [10, 6, 12],
			"rotation": {"angle": 0, "axis": "y", "origin": [8, 3, 10]},
			"faces": {
				"north": {"uv": [6.5, 3.25, 7.5, 4.75], "texture": "#2"},
				"east": {"uv": [5.5, 3.25, 6.5, 4.75], "texture": "#2"},
				"south": {"uv": [8.5, 3.25, 9.5, 4.75], "texture": "#2"},
				"west": {"uv": [7.5, 3.25, 8.5, 4.75], "texture": "#2"},
				"up": {"uv": [7.5, 3.25, 6.5, 2.25], "texture": "#2"},
				"down": {"uv": [8.5, 2.25, 7.5, 3.25], "texture": "#2"}
			}
		},
		{
			"from": [5.9, 0, 7.8],
			"to": [10.1, 6, 12.2],
			"rotation": {"angle": 0, "axis": "y", "origin": [8, 3, 10]},
			"faces": {
				"north": {"uv": [6, 6.25, 7, 7.75], "texture": "#2"},
				"east": {"uv": [5, 6.25, 6, 7.75], "texture": "#2"},
				"south": {"uv": [8, 6.25, 9, 7.75], "texture": "#2"},
				"west": {"uv": [7, 6.25, 8, 7.75], "texture": "#2"},
				"up": {"uv": [7, 6.25, 6, 5.25], "texture": "#2"},
				"down": {"uv": [8, 5.25, 7, 6.25], "texture": "#2"}
			}
		},
		{
			"from": [8.15851, 0, 4.76956],
			"to": [10.15851, 2, 8.76956],
			"rotation": {"angle": -22.5, "axis": "y", "origin": [9, 1, 9]},
			"faces": {
				"north": {"uv": [1, 8.25, 1.5, 8.75], "texture": "#2"},
				"east": {"uv": [0, 8.25, 1, 8.75], "texture": "#2"},
				"south": {"uv": [2.5, 8.25, 3, 8.75], "texture": "#2"},
				"west": {"uv": [1.5, 8.25, 2.5, 8.75], "texture": "#2"},
				"up": {"uv": [1.5, 8.25, 1, 7.25], "texture": "#2"},
				"down": {"uv": [2, 7.25, 1.5, 8.25], "texture": "#2"}
			}
		},
		{
			"from": [1.87868, 5.00711, 8.9],
			"to": [6.87868, 7.00711, 10.9],
			"rotation": {"angle": 45, "axis": "z", "origin": [7, 6, 10]},
			"faces": {
				"north": {"uv": [5.5, 8.25, 6.75, 8.75], "texture": "#2"},
				"east": {"uv": [5, 8.25, 5.5, 8.75], "texture": "#2"},
				"south": {"uv": [7.25, 8.25, 8.5, 8.75], "texture": "#2"},
				"west": {"uv": [6.75, 8.25, 7.25, 8.75], "texture": "#2"},
				"up": {"uv": [6.75, 8.25, 5.5, 7.75], "texture": "#2"},
				"down": {"uv": [8, 7.75, 6.75, 8.25], "texture": "#2"}
			}
		},
		{
			"from": [9.06777, 4.7364, 8.9],
			"to": [14.06777, 6.7364, 10.9],
			"rotation": {"angle": -45, "axis": "z", "origin": [9.3, 5.8, 10]},
			"faces": {
				"north": {"uv": [5.25, 0.5, 6.5, 1], "texture": "#2"},
				"east": {"uv": [4.75, 0.5, 5.25, 1], "texture": "#2"},
				"south": {"uv": [7, 0.5, 8.25, 1], "texture": "#2"},
				"west": {"uv": [6.5, 0.5, 7, 1], "texture": "#2"},
				"up": {"uv": [6.5, 0.5, 5.25, 0], "texture": "#2"},
				"down": {"uv": [7.75, 0, 6.5, 0.5], "texture": "#2"}
			}
		},
		{
			"from": [5.84149, 0, 4.76956],
			"to": [7.84149, 2, 8.76956],
			"rotation": {"angle": 22.5, "axis": "y", "origin": [7, 1, 9]},
			"faces": {
				"north": {"uv": [3.5, 7.75, 4, 8.25], "texture": "#2"},
				"east": {"uv": [2.5, 7.75, 3.5, 8.25], "texture": "#2"},
				"south": {"uv": [5, 7.75, 5.5, 8.25], "texture": "#2"},
				"west": {"uv": [4, 7.75, 5, 8.25], "texture": "#2"},
				"up": {"uv": [4, 7.75, 3.5, 6.75], "texture": "#2"},
				"down": {"uv": [4.5, 6.75, 4, 7.75], "texture": "#2"}
			}
		}
	],
	"gui_light": "front",
	"display": {
		"thirdperson_righthand": {
			"rotation": [0, 90, 55],
			"translation": [-1, 4, 2.5],
			"scale": [0.7, 0.7, 0.7]
		},
		"thirdperson_lefthand": {
			"rotation": [0, 90, 55],
			"translation": [-1, 4, 2.5],
			"scale": [0.7, 0.7, 0.7]
		},
		"firstperson_righthand": {
			"rotation": [0, 117, 0],
			"translation": [0.75, 4.1, 0.8],
			"scale": [0.5, 0.5, 0.5]
		},
		"firstperson_lefthand": {
			"rotation": [0, 117, 0],
			"translation": [0.75, 4.1, 0.8],
			"scale": [0.5, 0.5, 0.5]
		},
		"ground": {
			"translation": [0, 6, 0],
			"scale": [0.5, 0.5, 0.5]
		},
		"gui": {
			"rotation": [16, 152, 0],
			"translation": [-0.5, 1.75, 0],
			"scale": [0.9, 0.9, 0.9]
		},
		"head": {
			"translation": [0, 14.25, 0]
		},
		"fixed": {
			"rotation": [-90, 0, 0],
			"translation": [0, -2, -10.25],
			"scale": [1.3, 1.3, 1.3]
		}
	},
	"groups": [
		{
			"name": "Plush",
			"origin": [8, 8, 8],
			"color": 0,
			"children": [
				{
					"name": "Head",
					"origin": [8, 6, 10],
					"color": 0,
					"children": [0, 1]
				},
				{
					"name": "Body",
					"origin": [0, 0, 0],
					"color": 0,
					"children": [2, 3]
				},
				{
					"name": "rleg",
					"origin": [10, 1, 7],
					"color": 0,
					"children": [4]
				},
				{
					"name": "larm",
					"origin": [6.7, 5.8, 10],
					"color": 0,
					"children": [5]
				},
				{
					"name": "rarm",
					"origin": [9.3, 5.8, 10],
					"color": 0,
					"children": [6]
				},
				{
					"name": "lleg",
					"origin": [6, 1, 7],
					"color": 0,
					"children": [7]
				}
			]
		}
	]
}