{
	"credit": "Made with Blockbench",
	"textures": {
		"0": "./bn-barsuk",
		"particle": "./bn-barsuk"
	},
	"elements": [
		{
			"from": [6.05, 1, 6.05],
			"to": [9.95, 9, 9.95],
			"rotation": {"angle": 0, "axis": "y", "origin": [6, 0, 6]},
			"faces": {
				"north": {"uv": [8, 0, 12, 8], "texture": "#0"},
				"east": {"uv": [12, 0, 16, 8], "texture": "#0"},
				"south": {"uv": [8, 0, 12, 8], "texture": "#0"},
				"west": {"uv": [12, 0, 16, 8], "texture": "#0"},
				"up": {"uv": [12, 8, 16, 12], "texture": "#0"},
				"down": {"uv": [12, 8, 16, 12], "texture": "#0"}
			}
		},
		{
			"from": [6.5, 0.5, 6.5],
			"to": [9.5, 9.5, 9.5],
			"rotation": {"angle": 0, "axis": "y", "origin": [7, 0, 7]},
			"faces": {
				"north": {"uv": [0, 7, 3, 16], "texture": "#0"},
				"east": {"uv": [0, 7, 3, 16], "texture": "#0"},
				"south": {"uv": [3, 7, 6, 16], "texture": "#0"},
				"west": {"uv": [3, 7, 6, 16], "texture": "#0"},
				"up": {"uv": [0, 10, 3, 13], "texture": "#0"},
				"down": {"uv": [0, 10, 3, 13], "texture": "#0"}
			}
		}
	],
	"display": {
		"firstperson_righthand": {
			"rotation": [0, 116, 0],
			"translation": [0, 5.5, 0]
		},
		"ground": {
			"translation": [0, 3, 0]
		},
		"gui": {
			"rotation": [0, -30, 0],
			"translation": [0, 3, 0],
			"scale": [1.25, 1.25, 1.25]
		},
		"fixed": {
			"rotation": [-90, -26, 0],
			"translation": [1.5, -2, -8.5],
			"scale": [1.25, 1.25, 1.25]
		}
	}
}