{
	"format_version": "1.21.6",
	"credit": "Made with Blockbench",
	"texture_size": [32, 32],
	"textures": {
		"0": "./cct-kvass",
		"particle": "./cct-kvass"
	},
	"elements": [
		{
			"from": [5, 3, 5],
			"to": [11, 4, 11],
			"rotation": {"angle": 0, "axis": "y", "origin": [5, 0, 5]},
			"faces": {
				"north": {"uv": [0, 6, 3, 6.5], "texture": "#0"},
				"east": {"uv": [0, 7, 3, 7.5], "texture": "#0"},
				"south": {"uv": [0, 6.5, 3, 7], "texture": "#0"},
				"west": {"uv": [0, 7.5, 3, 8], "texture": "#0"},
				"up": {"uv": [3, 3, 0, 0], "texture": "#0"},
				"down": {"uv": [3, 3, 0, 6], "texture": "#0"}
			}
		},
		{
			"from": [7, 4, 7],
			"to": [9, 8, 9],
			"rotation": {"angle": 0, "axis": "y", "origin": [7, 1, 7]},
			"faces": {
				"north": {"uv": [7, 0, 8, 2], "texture": "#0"},
				"east": {"uv": [5, 0, 6, 2], "texture": "#0"},
				"south": {"uv": [6, 0, 7, 2], "texture": "#0"},
				"west": {"uv": [4, 0, 5, 2], "texture": "#0"},
				"up": {"uv": [3, 1, 4, 2], "texture": "#0"},
				"down": {"uv": [3, 0, 4, 1], "texture": "#0"}
			}
		},
		{
			"from": [5, 8, 5],
			"to": [11, 14, 11],
			"rotation": {"angle": 0, "axis": "y", "origin": [5, 5, 5]},
			"faces": {
				"north": {"uv": [10, 3, 13, 6], "texture": "#0"},
				"east": {"uv": [7, 3, 10, 6], "texture": "#0"},
				"south": {"uv": [10, 6, 13, 9], "texture": "#0"},
				"west": {"uv": [13, 3, 16, 6], "texture": "#0"},
				"up": {"uv": [13, 13, 16, 16], "texture": "#0"},
				"down": {"uv": [10, 0, 13, 3], "texture": "#0"}
			}
		},
		{
			"from": [6, 9, 6],
			"to": [10, 12, 10],
			"rotation": {"angle": 0, "axis": "y", "origin": [6, 6, 6]},
			"faces": {
				"north": {"uv": [12, 11, 14, 12.5], "texture": "#0"},
				"east": {"uv": [14, 11, 16, 12.5], "texture": "#0"},
				"south": {"uv": [8, 11, 10, 12.5], "texture": "#0"},
				"west": {"uv": [10, 11, 12, 12.5], "texture": "#0"},
				"up": {"uv": [10, 9, 12, 11], "texture": "#0"},
				"down": {"uv": [10, 12.5, 12, 14.5], "texture": "#0"}
			}
		}
	]
}